找到 198 个HTML文件
✓ 转换成功: index.html -> index.md
✓ 转换成功: AI-Literacy/AI_chip_nanomaterials_report.html -> AI_chip_nanomaterials_report.md
✓ 转换成功: AI-Literacy/agi_definitions.html -> agi_definitions.md
✓ 转换成功: AI-Literacy/ai_2030_chinese_intro.html -> ai_2030_chinese_intro.md
✓ 转换成功: AI-Literacy/ai_benchmarks.html -> ai_benchmarks.md
✓ 转换成功: AI-Literacy/ai_chip_research_report.html -> ai_chip_research_report.md
✓ 转换成功: AI-Literacy/ai_datacenter_article.html -> ai_datacenter_article.md
✓ 转换成功: AI-Literacy/ai_datacenter_market_analysis.html -> ai_datacenter_market_analysis.md
✓ 转换成功: AI-Literacy/ai_datacenter_market_stock.html -> ai_datacenter_market_stock.md
✓ 转换成功: AI-Literacy/ai_framework_timeline_comparison.html -> ai_framework_timeline_comparison.md
✓ 转换成功: AI-Literacy/ai_generation_summary.html -> ai_generation_summary.md
✓ 转换成功: AI-Literacy/ai_lab.html -> ai_lab.md
✓ 转换成功: AI-Literacy/ai_plus_policy_article.html -> ai_plus_policy_article.md
✓ 转换成功: AI-Literacy/ai_seniority_bias_research.html -> ai_seniority_bias_research.md
✓ 转换成功: AI-Literacy/ai_survival_guide.html -> ai_survival_guide.md
✓ 转换成功: AI-Literacy/ai_training_vs_inference.html -> ai_training_vs_inference.md
✓ 转换成功: AI-Literacy/ar_vr_chain.html -> ar_vr_chain.md
✓ 转换成功: AI-Literacy/ddr_hbm_comparison.html -> ddr_hbm_comparison.md
✓ 转换成功: AI-Literacy/deepseek_ceo_insights.html -> deepseek_ceo_insights.md
✓ 转换成功: AI-Literacy/model_distillation_guide.html -> model_distillation_guide.md
✓ 转换成功: AI-Literacy/new_energy_vehicle_chain.html -> new_energy_vehicle_chain.md
✓ 转换成功: AI-Literacy/nvidia_gpu_comparison.html -> nvidia_gpu_comparison.md
✓ 转换成功: AI-Literacy/reid_hoffman_opinion.html -> reid_hoffman_opinion.md
✓ 转换成功: AI-Literacy/robotics_industry_chain.html -> robotics_industry_chain.md
✓ 转换成功: AI-Literacy/robotics_supply_chain_analysis.html -> robotics_supply_chain_analysis.md
✓ 转换成功: AI-Literacy/sf_standard_move_fast.html -> sf_standard_move_fast.md
✓ 转换成功: AI-Literacy/smartphone_chain.html -> smartphone_chain.md
✓ 转换成功: AI-Literacy/smartphone_supply_chain_analysis.html -> smartphone_supply_chain_analysis.md
✓ 转换成功: AI-Literacy/static_graph_vs_dynamic_graph_philosopy.html -> static_graph_vs_dynamic_graph_philosopy.md
✓ 转换成功: AI-Literacy/timeline_with_sources_AI_computer_power.html -> timeline_with_sources_AI_computer_power.md
✓ 转换成功: AI-Literacy/xai_colossus_analysis.html -> xai_colossus_analysis.md
✓ 转换成功: AI-Literacy/吴泳铭_2025云栖大会_演讲精华摘要.html -> 吴泳铭_2025云栖大会_演讲精华摘要.md
✓ 转换成功: AI-Literacy/碳基到硅基文明转变.html -> 碳基到硅基文明转变.md
✓ 转换成功: AI-Literacy/虚拟财富与资源权力：ai时代的资本幻象.html -> 虚拟财富与资源权力：ai时代的资本幻象.md
✓ 转换成功: Business/accounting_theory_guide.html -> accounting_theory_guide.md
✓ 转换成功: Business/aiot_soc_analysis.html -> aiot_soc_analysis.md
✓ 转换成功: Business/apple_supply_chain.html -> apple_supply_chain.md
✓ 转换成功: Business/boss_business_model.html -> boss_business_model.md
✓ 转换成功: Business/byd_electronic_competitor.html -> byd_electronic_competitor.md
✓ 转换成功: Business/chen_fuyang_philosophy.html -> chen_fuyang_philosophy.md
✓ 转换成功: Business/chen_fuyang_philosophy_VMware.html -> chen_fuyang_philosophy_VMware.md
✓ 转换成功: Business/chen_fuyang_viewpoint.html -> chen_fuyang_viewpoint.md
✓ 转换成功: Business/china_cv4_failed.html -> china_cv4_failed.md
✓ 转换成功: Business/gtht.html -> gtht.md
✓ 转换成功: Business/hikvision_business_model.html -> hikvision_business_model.md
✓ 转换成功: Business/iot_esp32.html -> iot_esp32.md
✓ 转换成功: Business/mcdonalds_hr_guide.html -> mcdonalds_hr_guide.md
✓ 转换成功: Business/mcu_analysis.html -> mcu_analysis.md
✓ 转换成功: Business/shanghai_semiconductor_ecosystem.html -> shanghai_semiconductor_ecosystem.md
✓ 转换成功: Business/smart_driving_analysis.html -> smart_driving_analysis.md
✓ 转换成功: Business/stock_buyback_guide.html -> stock_buyback_guide.md
✓ 转换成功: Business/ti_dlp_success_analysis.html -> ti_dlp_success_analysis.md
✓ 转换成功: Business/wuxi_apptech_analysis.html -> wuxi_apptech_analysis.md
✓ 转换成功: Business/xiyouji_company_analysis.html -> xiyouji_company_analysis.md
✓ 转换成功: Business/摩尔线程事件.html -> 摩尔线程事件.md
✓ 转换成功: Economics/a_stock_guide.html -> a_stock_guide.md
✓ 转换成功: Economics/bank_view.html -> bank_view.md
✓ 转换成功: Economics/buffett_housing_analysis.html -> buffett_housing_analysis.md
✓ 转换成功: Economics/dcf_tutorial.html -> dcf_tutorial.md
✓ 转换成功: Economics/money_supply_m0_m1_m2.html -> money_supply_m0_m1_m2.md
✓ 转换成功: Economics/pmi_ppi_cpi_intro.html -> pmi_ppi_cpi_intro.md
✓ 转换成功: Economics/property_market_analysis.html -> property_market_analysis.md
✓ 转换成功: Economics/us_treasury_bonds_intro.html -> us_treasury_bonds_intro.md
✓ 转换成功: agent/agent_compare.html -> agent_compare.md
✓ 转换成功: agent/claude-code-best-practices-summary.html -> claude-code-best-practices-summary.md
✓ 转换成功: agent/openmanus.html -> openmanus.md
✓ 转换成功: computer-sicence/C++Compiler.html -> C++Compiler.md
✓ 转换成功: computer-sicence/cpp_expression_templates_5w2h.html -> cpp_expression_templates_5w2h.md
✓ 转换成功: computer-sicence/fetchcontent_report.html -> fetchcontent_report.md
✓ 转换成功: computer-sicence/glsl_4_50_syntax_guide.html -> glsl_4_50_syntax_guide.md
✓ 转换成功: computer-sicence/glsl_layout.html -> glsl_layout.md
✓ 转换成功: computer-sicence/halide_codegen.html -> halide_codegen.md
✓ 转换成功: computer-sicence/halide_report.html -> halide_report.md
✓ 转换成功: computer-sicence/intel_oneapi_5w2h.html -> intel_oneapi_5w2h.md
✓ 转换成功: computer-sicence/intellectual_property_innovation_types.html -> intellectual_property_innovation_types.md
✓ 转换成功: computer-sicence/iphone_revolution.html -> iphone_revolution.md
✓ 转换成功: computer-sicence/kompute_5w2h.html -> kompute_5w2h.md
✓ 转换成功: computer-sicence/llvm_report.html -> llvm_report.md
✓ 转换成功: computer-sicence/mali_gpu_opencl_compilation.html -> mali_gpu_opencl_compilation.md
✓ 转换成功: computer-sicence/mesa_timeline.html -> mesa_timeline.md
✓ 转换成功: computer-sicence/opencl_kernel_works.html -> opencl_kernel_works.md
✓ 转换成功: computer-sicence/opencl_report.html -> opencl_report.md
✓ 转换成功: computer-sicence/opengl_es_vulkan_opencl_cuda_comparison.html -> opengl_es_vulkan_opencl_cuda_comparison.md
✓ 转换成功: computer-sicence/patent_5w2h_analysis.html -> patent_5w2h_analysis.md
✓ 转换成功: computer-sicence/rk3588_adaptivecpp_guide.html -> rk3588_adaptivecpp_guide.md
✓ 转换成功: computer-sicence/rk3588_usm_nosupport.html -> rk3588_usm_nosupport.md
✓ 转换成功: computer-sicence/software_copyright_5w2h_analysis.html -> software_copyright_5w2h_analysis.md
✓ 转换成功: computer-sicence/sycl_report.html -> sycl_report.md
✓ 转换成功: computer-sicence/sycl_syntax_guide.html -> sycl_syntax_guide.md
✓ 转换成功: computer-sicence/sylc_compiler_comparison.html -> sylc_compiler_comparison.md
✓ 转换成功: computer-sicence/taichi_report.html -> taichi_report.md
✓ 转换成功: computer-sicence/triton_5w2h.html -> triton_5w2h.md
✓ 转换成功: computer-sicence/tvm_report.html -> tvm_report.md
✓ 转换成功: computer-sicence/vcpkg_5w2h_report.html -> vcpkg_5w2h_report.md
✓ 转换成功: computer-sicence/vulkan_learningpath.html -> vulkan_learningpath.md
✓ 转换成功: computer-sicence/vulkan_timeline.html -> vulkan_timeline.md
✓ 转换成功: computer-sicence/xgboost_5w2h_analysis.html -> xgboost_5w2h_analysis.md
✓ 转换成功: google/Nvidia_vs_Google_AI.html -> Nvidia_vs_Google_AI.md
✓ 转换成功: google/Sergey Brin.html -> Sergey Brin.md
✓ 转换成功: google/alpha_go_2016.html -> alpha_go_2016.md
✓ 转换成功: google/alphachip_research_report.html -> alphachip_research_report.md
✓ 转换成功: google/alphafold_research_report.html -> alphafold_research_report.md
✓ 转换成功: google/alphago_research_report.html -> alphago_research_report.md
✓ 转换成功: google/bf16_5w2h_analysis.html -> bf16_5w2h_analysis.md
✓ 转换成功: google/brain_learning_research.html -> brain_learning_research.md
✓ 转换成功: google/chris_lattner.html -> chris_lattner.md
✓ 转换成功: google/demis_hassabis.html -> demis_hassabis.md
✓ 转换成功: google/eric_schmidt.html -> eric_schmidt.md
✓ 转换成功: google/google-tpu-report-broadcom.html -> google-tpu-report-broadcom.md
✓ 转换成功: google/google_tech_intro.html -> google_tech_intro.md
✓ 转换成功: google/google_tpu.html -> google_tpu.md
✓ 转换成功: google/jeff_dean.html -> jeff_dean.md
✓ 转换成功: google/larry_page.html -> larry_page.md
✓ 转换成功: google/llm_tpu_xla_parallel_strategy.html -> llm_tpu_xla_parallel_strategy.md
✓ 转换成功: google/llm_training_weight_precision.html -> llm_training_weight_precision.md
✓ 转换成功: google/mapreduce_5w2h.html -> mapreduce_5w2h.md
✓ 转换成功: google/mcts_5w2h_analysis.html -> mcts_5w2h_analysis.md
✓ 转换成功: google/norman_jouppi.html -> norman_jouppi.md
✓ 转换成功: google/pathways_5w2h_analysis.html -> pathways_5w2h_analysis.md
✓ 转换成功: google/sanjay_ghemawat.html -> sanjay_ghemawat.md
✓ 转换成功: google/tpu_communication_gpt5.html -> tpu_communication_gpt5.md
✓ 转换成功: google/tpu_evolution_table.html -> tpu_evolution_table.md
✓ 转换成功: google/tpu_v2_pod_architecture.html -> tpu_v2_pod_architecture.md
✓ 转换成功: google/tpu_v3_pod_architecture.html -> tpu_v3_pod_architecture.md
✓ 转换成功: google/tpu_v4_pod_architecture.html -> tpu_v4_pod_architecture.md
✓ 转换成功: google/tpu_v5e_pod_architecture.html -> tpu_v5e_pod_architecture.md
✓ 转换成功: google/tpu_v5p_pod_architecture.html -> tpu_v5p_pod_architecture.md
✓ 转换成功: google/tpu_v6e_pod_architecture.html -> tpu_v6e_pod_architecture.md
✓ 转换成功: google/tpu_v7_pod_architecture.html -> tpu_v7_pod_architecture.md
✓ 转换成功: google/tpu_vs_gpu_technical_report.html -> tpu_vs_gpu_technical_report.md
✓ 转换成功: google/xla_first_principles_static_graph.html -> xla_first_principles_static_graph.md
✓ 转换成功: google/xla_spmd_5w2h_analysis.html -> xla_spmd_5w2h_analysis.md
✓ 转换成功: mindset/bayesian_vs_frequentist.html -> bayesian_vs_frequentist.md
✓ 转换成功: mindset/earth_life_human_timeline.html -> earth_life_human_timeline.md
✓ 转换成功: mindset/human_and_robot.html -> human_and_robot.md
✓ 转换成功: mindset/human_elements_timeline.html -> human_elements_timeline.md
✓ 转换成功: mindset/human_weaknesses_article.html -> human_weaknesses_article.md
✓ 转换成功: mindset/ideology_warning_signs.html -> ideology_warning_signs.md
✓ 转换成功: mindset/internet_thinking.html -> internet_thinking.md
✓ 转换成功: mindset/libertarianism_objectivism_guide.html -> libertarianism_objectivism_guide.md
✓ 转换成功: mindset/multidisciplinary_thinking.html -> multidisciplinary_thinking.md
✓ 转换成功: mindset/poverty_mindset_article.html -> poverty_mindset_article.md
✓ 转换成功: mindset/qian_shi_jiaxun.html -> qian_shi_jiaxun.md
✓ 转换成功: mindset/san_guan_guide.html -> san_guan_guide.md
✓ 转换成功: mindset/structural_thinking.html -> structural_thinking.md
✓ 转换成功: mindset/于漪教育观.html -> 于漪教育观.md
✓ 转换成功: mindset/柏拉图的洞穴寓言_html_整理.html -> 柏拉图的洞穴寓言_html_整理.md
✓ 转换成功: mindset/认知偏差思维导图.html -> 认知偏差思维导图.md
✓ 转换成功: mindset/问题解决.html -> 问题解决.md
✓ 转换成功: photonics/CPO_DSP_相干激光器_国产化科普.html -> CPO_DSP_相干激光器_国产化科普.md
✓ 转换成功: photonics/CPO_industry_report.html -> CPO_industry_report.md
✓ 转换成功: photonics/gaussian_optics_tools.html -> gaussian_optics_tools.md
✓ 转换成功: photonics/laser_modes_intro.html -> laser_modes_intro.md
✓ 转换成功: photonics/laser_principle.html -> laser_principle.md
✓ 转换成功: photonics/optical_interconnect_report.html -> optical_interconnect_report.md
✓ 转换成功: photonics/photon_energy_article.html -> photon_energy_article.md
✓ 转换成功: photonics/photonics_cpo_guide.html -> photonics_cpo_guide.md
✓ 转换成功: photonics/waveguide_5w2h.html -> waveguide_5w2h.md
✓ 转换成功: photonics/waveguide_research_report.html -> waveguide_research_report.md
✓ 转换成功: photonics/为什么信息传播不能超过光速.html -> 为什么信息传播不能超过光速.md
✓ 转换成功: photonics/云服务厂商光互联与扩展策略调研报告.html -> 云服务厂商光互联与扩展策略调研报告.md
✓ 转换成功: photonics/光电产业趋势.html -> 光电产业趋势.md
✓ 转换成功: photonics/光的波动性_调制解调科普.html -> 光的波动性_调制解调科普.md
✓ 转换成功: photonics/相干接收机_Coherent_Receiver_科普.html -> 相干接收机_Coherent_Receiver_科普.md
✓ 转换成功: society/2025_09_01_全民强制社保_就业趋势分析.html -> 2025_09_01_全民强制社保_就业趋势分析.md
✓ 转换成功: society/Labor Dispatch System.html -> Labor Dispatch System.md
✓ 转换成功: society/economic_crisis_analysis.html -> economic_crisis_analysis.md
✓ 转换成功: society/employment_analysis.html -> employment_analysis.md
✓ 转换成功: society/fifteen_five_plan_report.html -> fifteen_five_plan_report.md
✓ 转换成功: society/ikang_reflection_article.html -> ikang_reflection_article.md
✓ 转换成功: society/japan_education_devaluation.html -> japan_education_devaluation.md
✓ 转换成功: society/labor_relationship_definition.html -> labor_relationship_definition.md
✓ 转换成功: society/salary_comparison.html -> salary_comparison.md
✓ 转换成功: society/social_insurance_exemption_guide.html -> social_insurance_exemption_guide.md
✓ 转换成功: society/尊湃通讯科技事件.html -> 尊湃通讯科技事件.md
✓ 转换成功: superinvestors/Berkshire Hathaway.html -> Berkshire Hathaway.md
✓ 转换成功: superinvestors/Graham-and-Doddsville.html -> Graham-and-Doddsville.md
✓ 转换成功: superinvestors/ai基础设施周期下的芒格式资产配置策略（_2025_2030_）.html -> ai基础设施周期下的芒格式资产配置策略（_2025_2030_）.md
✓ 转换成功: superinvestors/bank_securities_comparison.html -> bank_securities_comparison.md
✓ 转换成功: superinvestors/berkshire_float_and_return_strategy.html -> berkshire_float_and_return_strategy.md
✓ 转换成功: superinvestors/berkshire_vs_wesco.html -> berkshire_vs_wesco.md
✓ 转换成功: superinvestors/competitive_destruction_guide.html -> competitive_destruction_guide.md
✓ 转换成功: superinvestors/estate_planning_table.html -> estate_planning_table.md
✓ 转换成功: superinvestors/financial_fraud_detector.html -> financial_fraud_detector.md
✓ 转换成功: superinvestors/financial_report_guide.html -> financial_report_guide.md
✓ 转换成功: superinvestors/graham_calculator.html -> graham_calculator.md
✓ 转换成功: superinvestors/investment-comparison.html -> investment-comparison.md
✓ 转换成功: superinvestors/investment_checklist.html -> investment_checklist.md
✓ 转换成功: superinvestors/munger_psychology.html -> munger_psychology.md
✓ 转换成功: superinvestors/real_estate_dcf_guide.html -> real_estate_dcf_guide.md
✓ 转换成功: superinvestors/roe_pe_pb_guide.html -> roe_pe_pb_guide.md
✓ 转换成功: superinvestors/songhe_valuation_guide.html -> songhe_valuation_guide.md
✓ 转换成功: superinvestors/stcok_incentive.html -> stcok_incentive.md
✓ 转换成功: superinvestors/stock_option_risk_analysis.html -> stock_option_risk_analysis.md
✓ 转换成功: superinvestors/stock_price_bubble_article.html -> stock_price_bubble_article.md
✓ 转换成功: superinvestors/stock_screening_excel.html -> stock_screening_excel.md
✓ 转换成功: superinvestors/wealth_strategies.html -> wealth_strategies.md
✓ 转换成功: superinvestors/牛散持仓与回避赛道介绍.html -> 牛散持仓与回避赛道介绍.md

转换完成!
成功: 198 个
失败: 0 个
